project_id,sprint_velocity,scope_changes,team_load,on_time
1,345.24,420.9,65.59,1
2,239.47,280.68,38.74,0
3,422.2,326.39,217.44,1
4,176.76,46.01,78.46,0
5,202.97,297.89,196.39,0
6,86.66,15.08,52.67,0
7,220.32,297.11,236.97,0
8,365.91,22.35,407.12,0
9,152.53,71.14,496.93,0
10,175.17,197.76,395.8,0
11,101.91,422.45,281.46,1
12,246.44,226.29,424.56,1
13,474.88,81.79,294.11,1
14,480.98,432.3,424.99,1
15,279.48,353.33,263.9,1
16,326.07,272.22,120.24,0
17,44.81,373.48,73.29,0
18,133.14,415.12,449.64,1
19,281.37,456.58,423.74,1
20,251.62,377.34,130.29,0
21,179.78,407.98,448.58,1
22,400.32,328.5,286.99,1
23,480.12,348.05,109.07,1
24,298.58,72.01,60.62,0
25,268.08,107.86,375.19,0
26,344.51,438.88,495.33,1
27,126.05,16.54,293.96,0
28,450.99,46.03,185.2,0
29,430.31,282.22,104.68,1
30,378.09,257.78,398.08,1
31,44.35,179.43,295.03,0
32,387.73,158.89,377.21,1
33,488.72,368.36,191.31,1
34,251.96,260.83,352.89,1
35,106.86,106.47,107.05,0
36,332.8,22.88,480.1,1
37,313.42,89.15,407.75,1
38,111.64,460.59,202.63,0
39,469.01,145.92,116.96,0
40,297.97,483.5,323.25,1
41,175.25,353.89,80.16,0
42,83.69,292.06,498.73,1
43,352.19,162.34,176.77,0
44,20.27,216.62,132.48,0
45,339.31,66.87,180.24,0
46,90.38,401.01,133.56,0
47,314.21,489.25,466.45,1
48,85.71,142.04,471.9,0
49,157.38,48.01,51.15,0
50,325.83,81.73,97.45,0
51,308.42,491.36,42.4,1
52,383.64,409.71,450.69,1
53,301.76,259.26,337.61,1
54,109.93,422.99,284.48,1
55,447.75,395.8,356.26,1
56,136.3,60.98,250.66,0
57,305.88,464.92,145.46,1
58,139.04,446.72,192.54,0
59,106.39,198.96,231.97,0
60,345.94,52.79,249.21,0
61,218.44,388.39,460.32,1
62,91.82,214.24,498.07,1
63,233.68,250.74,348.91,1
64,370.28,320.48,243.73,1
65,43.58,170.48,372.08,0
66,423.8,336.89,424.22,1
67,370.08,420.28,169.02,1
68,136.06,74.9,248.55,0
69,409.8,367.34,298.21,1
70,389.7,321.76,236.98,1
71,428.33,318.13,397.43,1
72,422.09,153.41,495.1,1
73,51.7,63.37,429.07,0
74,378.41,243.61,481.48,1
75,329.6,417.07,444.29,1
76,350.02,143.65,58.76,0
77,83.49,155.34,101.46,0
78,124.88,299.95,384.23,1
79,31.96,229.69,457.08,0
80,398.24,108.17,494.38,1
81,350.08,287.78,140.14,0
82,401.49,339.92,373.31,1
83,453.66,336.62,468.68,1
84,163.47,27.24,351.12,0
85,57.87,147.79,102.14,0
86,223.6,30.88,177.1,0
87,437.56,350.44,325.26,1
88,336.44,307.22,124.56,0
89,384.78,114.26,350.85,1
90,358.58,110.12,385.54,1
91,17.29,304.79,494.41,1
92,394.1,311.04,482.2,1
93,244.77,67.36,380.29,0
94,434.77,108.13,106.88,0
95,21.85,386.82,450.12,1
96,190.81,171.69,355.8,0
97,337.42,404.24,341.98,1
98,137.74,328.88,339.12,1
99,327.88,427.05,156.74,1
100,149.28,19.85,451.59,0
101,468.81,334.54,215.58,1
102,344.91,10.1,407.22,0
103,202.45,310.78,279.75,0
104,142.9,31.03,357.91,0
105,42.14,298.71,213.08,0
106,273.94,380.46,437.1,1
107,230.32,402.59,369.76,1
108,52.33,480.41,77.4,0
109,358.93,70.85,410.87,1
110,277.57,117.75,62.59,0
111,121.55,49.15,196.05,0
112,73.42,189.0,363.5,0
113,464.23,261.29,468.13,1
114,177.31,137.62,347.2,0
115,131.23,164.8,243.92,0
116,308.32,35.31,271.75,0
117,120.02,372.4,259.77,0
118,205.44,131.87,487.21,1
119,275.3,397.89,220.19,1
120,169.54,468.51,71.23,0
121,284.68,92.5,351.52,0
122,467.61,398.38,179.48,1
123,91.29,191.43,111.98,0
124,123.47,450.75,317.02,1
125,257.22,371.91,441.83,1
126,463.33,392.9,284.72,1
127,73.25,473.92,126.04,0
128,317.17,189.77,199.12,0
129,380.63,494.34,137.68,1
130,177.4,219.7,25.67,0
131,415.09,258.36,10.04,0
132,445.76,43.91,179.17,0
133,459.65,48.45,62.87,0
134,464.57,473.91,58.02,1
135,202.81,114.25,404.01,0
136,108.41,83.96,417.09,0
137,328.28,366.64,321.09,1
138,41.54,325.61,135.61,0
139,262.84,312.26,184.82,0
140,244.53,291.32,101.91,0
141,158.13,209.56,113.25,0
142,105.36,421.31,373.24,1
143,406.28,249.53,144.57,1
144,473.17,98.1,214.69,0
145,372.35,34.93,281.89,0
146,478.78,128.98,309.54,1
147,482.51,453.32,215.84,1
148,96.65,116.26,413.88,0
149,122.8,58.95,78.31,0
150,410.18,154.18,445.83,1
151,75.78,100.64,474.03,0
152,476.41,297.81,14.2,0
153,154.21,378.17,256.28,0
154,366.79,139.87,213.31,0
155,82.12,75.53,187.55,0
156,162.06,443.93,236.46,1
157,473.92,64.84,283.71,1
158,114.64,311.42,341.83,0
159,119.94,242.23,183.22,0
160,329.51,59.27,414.76,1
161,15.75,312.1,239.76,0
162,304.14,383.83,69.44,0
163,134.83,423.0,284.0,1
164,494.05,160.36,369.62,1
165,128.98,401.86,336.79,1
166,303.75,420.15,294.5,1
167,38.6,421.88,495.03,1
168,490.32,43.53,455.0,1
169,263.73,58.75,146.65,0
170,470.05,388.91,58.05,1
171,457.09,196.44,343.67,1
172,37.1,191.61,47.66,0
173,113.83,486.33,497.4,1
174,76.71,309.35,26.58,0
175,53.71,345.77,243.18,0
176,379.46,148.31,434.17,1
177,290.8,374.37,214.36,1
178,223.05,321.58,353.25,1
179,289.79,345.34,241.08,1
180,343.26,23.75,398.76,0
181,50.91,256.02,238.03,0
182,174.08,59.9,268.73,0
183,400.02,276.36,435.43,1
184,300.39,129.23,346.91,0
185,99.29,189.21,119.09,0
186,61.68,174.14,144.94,0
187,53.44,288.4,108.6,0
188,196.95,70.37,16.1,0
189,271.72,146.46,243.61,0
190,69.44,234.77,428.09,0
191,51.84,251.88,21.44,0
192,273.5,445.4,90.94,1
193,377.05,495.41,261.18,1
194,79.22,317.0,41.52,0
195,326.45,33.8,219.13,0
196,156.62,148.36,185.44,0
197,401.12,251.69,36.97,0
198,356.59,17.35,182.18,0
199,28.97,211.33,273.93,0
200,45.3,128.02,59.38,0
201,64.08,365.87,85.92,0
202,189.23,242.95,396.32,1
203,289.26,423.95,448.81,1
204,77.85,442.39,21.74,0
205,387.38,244.51,14.11,0
206,210.32,408.41,305.01,1
207,321.64,474.06,398.29,1
208,11.34,159.12,91.67,0
209,39.85,354.89,476.46,1
210,163.24,140.9,154.34,0
211,270.92,40.31,448.46,0
212,19.91,175.9,468.12,0
213,250.82,66.97,68.22,0
214,447.56,219.87,437.79,1
215,443.98,107.88,277.53,1
216,140.58,169.11,159.72,0
217,439.72,67.86,312.02,1
218,82.17,57.99,466.89,0
219,78.31,207.04,95.66,0
220,238.86,99.09,401.31,0
221,254.94,134.72,232.66,0
222,164.78,75.95,326.55,0
223,168.45,416.76,320.82,1
224,406.97,47.33,84.48,0
225,482.13,348.27,229.7,1
226,387.62,164.82,272.38,1
227,50.81,472.43,153.63,0
228,15.03,32.67,129.38,0
229,221.48,288.97,401.9,1
230,237.09,69.23,313.7,0
231,372.45,184.82,273.79,1
232,147.58,164.04,124.24,0
233,16.24,442.39,186.27,0
234,184.16,264.63,413.69,1
235,383.73,490.39,308.48,1
236,212.58,104.03,74.89,0
237,412.26,112.25,334.94,1
238,438.66,12.97,282.49,0
239,494.24,352.14,376.57,1
240,67.64,402.09,405.64,1
241,246.81,136.6,263.16,0
242,314.99,137.65,431.0,1
243,396.99,466.61,66.62,1
244,485.89,305.82,322.05,1
245,485.76,97.63,410.12,1
246,195.46,237.14,215.58,0
247,134.51,204.46,459.61,0
248,280.09,275.76,469.59,1
249,131.6,187.28,473.26,0
250,142.99,415.49,23.82,0
251,293.23,487.16,297.93,1
252,446.67,181.73,229.77,1
253,19.57,289.13,382.08,0
254,377.56,369.64,478.8,1
255,410.2,150.89,221.88,0
256,214.57,459.22,255.56,1
257,171.96,155.61,205.96,0
258,51.71,359.98,277.71,0
259,149.28,316.21,165.78,0
260,92.18,39.89,446.04,0
261,293.09,271.86,417.75,1
262,461.92,453.84,419.84,1
263,117.03,242.27,476.44,1
264,109.91,386.7,288.99,0
265,261.32,170.22,10.34,0
266,28.65,85.34,295.34,0
267,207.73,420.3,289.95,1
268,287.66,372.1,215.12,1
269,214.82,214.93,391.08,1
270,244.84,449.67,417.82,1
271,356.76,418.69,224.76,1
272,37.64,95.3,140.59,0
273,252.1,50.36,21.44,0
274,329.97,41.74,138.47,0
275,227.51,228.59,460.24,1
276,309.46,272.96,387.13,1
277,312.45,360.11,227.69,1
278,302.58,492.37,367.49,1
279,138.59,317.99,253.78,0
280,250.03,356.37,296.24,1
281,123.35,176.51,115.14,0
282,170.17,483.96,169.19,1
283,60.33,415.69,126.15,0
284,310.81,437.97,64.67,1
285,149.82,151.19,23.0,0
286,289.39,172.68,102.81,0
287,178.94,125.83,131.92,0
288,73.58,395.43,218.71,0
289,206.84,396.66,126.32,0
290,291.22,444.54,434.07,1
291,169.89,95.13,459.79,0
292,89.15,482.19,380.14,1
293,99.08,66.19,125.08,0
294,143.8,86.87,156.58,0
295,236.62,99.28,188.27,0
296,170.98,472.75,400.36,1
297,12.65,334.17,193.15,0
298,106.18,186.26,237.92,0
299,62.15,496.92,322.31,1
300,488.99,42.83,49.09,0
301,421.88,490.01,389.9,1
302,342.33,241.99,465.2,1
303,444.06,246.16,228.6,1
304,429.14,367.66,262.49,1
305,489.49,10.69,356.95,1
306,52.81,177.72,91.13,0
307,435.42,56.1,327.58,1
308,154.46,157.88,389.2,0
309,81.4,311.2,174.11,0
310,293.31,497.42,269.65,1
311,391.94,393.47,294.71,1
312,336.64,200.99,113.98,0
313,225.82,477.32,87.67,0
314,204.38,216.27,93.45,0
315,185.93,486.06,51.0,0
316,200.06,377.07,449.45,1
317,279.9,185.48,318.08,0
318,478.5,372.33,185.31,1
319,409.17,332.11,319.31,1
320,152.49,470.23,93.97,0
321,111.37,365.59,214.27,0
322,331.8,55.39,383.48,0
323,210.58,486.86,422.25,1
324,444.82,222.72,237.04,1
325,322.18,229.74,163.73,0
326,272.37,279.72,467.73,1
327,499.13,15.03,126.14,0
328,196.25,366.04,421.97,1
329,91.02,424.16,396.19,1
330,327.98,93.99,218.83,0
331,56.56,192.01,401.84,0
332,401.01,130.73,114.71,0
333,396.16,473.21,480.33,1
334,235.58,261.16,23.16,0
335,409.5,124.47,151.04,0
336,135.98,393.39,73.2,0
337,404.62,387.92,126.41,1
338,21.31,241.43,171.58,0
339,90.77,101.18,460.94,0
340,111.52,68.76,169.11,0
341,471.53,397.83,467.94,1
342,306.12,107.28,350.38,0
343,267.38,52.23,161.74,0
344,420.3,78.62,327.96,1
345,494.72,410.32,416.26,1
346,131.49,252.43,205.72,0
347,270.28,49.57,460.96,0
348,310.82,234.06,20.38,0
349,107.06,74.24,482.84,0
350,297.86,57.19,155.63,0
351,234.36,10.81,310.44,0
352,117.52,424.81,70.85,0
353,205.76,281.28,118.57,0
354,77.97,332.35,213.25,0
355,147.33,59.45,284.57,0
356,412.58,365.59,35.84,1
357,132.44,213.38,327.44,0
358,308.08,299.22,240.72,1
359,420.67,496.78,303.71,1
360,278.81,280.57,379.97,1
361,491.5,133.92,37.32,0
362,55.8,393.29,343.17,0
363,407.58,311.44,380.34,1
364,304.53,299.82,225.73,1
365,220.89,109.96,388.94,0
366,420.92,353.01,421.76,1
367,420.3,47.27,374.67,1
368,401.44,495.49,393.23,1
369,378.63,412.39,329.06,1
370,107.02,48.7,405.3,0
371,36.76,255.12,117.08,0
372,166.67,235.89,198.14,0
373,139.11,425.85,20.21,0
374,90.66,452.68,382.79,1
375,204.43,498.93,211.92,1
376,41.57,261.38,403.4,0
377,479.56,434.44,470.06,1
378,291.37,74.33,167.56,0
379,169.34,263.04,262.23,0
380,461.82,486.22,343.12,1
381,189.59,31.58,374.29,0
382,130.53,194.71,413.59,0
383,400.63,247.43,446.59,1
384,50.52,402.74,283.83,0
385,407.07,227.35,287.84,1
386,255.97,449.78,440.29,1
387,241.64,358.25,73.36,0
388,370.87,431.46,470.04,1
389,138.09,281.2,465.84,1
390,60.67,297.02,285.85,0
391,391.17,292.8,210.0,1
392,120.03,59.66,63.73,0
393,126.7,475.26,483.87,1
394,287.77,460.69,305.93,1
395,399.69,13.72,21.73,0
396,286.82,378.31,165.61,1
397,38.82,339.27,232.95,0
398,298.14,121.4,374.44,0
399,209.1,181.8,191.03,0
400,333.35,44.77,308.55,0
401,111.64,144.16,279.29,0
402,434.86,460.95,265.02,1
403,206.81,167.8,194.54,0
404,241.92,423.2,373.12,1
405,475.67,400.62,494.57,1
406,264.03,420.09,61.2,0
407,404.05,10.08,471.24,1
408,182.81,221.06,93.66,0
409,101.88,446.21,497.71,1
410,150.52,160.92,149.46,0
411,379.72,210.01,385.43,1
412,222.33,224.13,453.99,1
413,247.18,233.87,398.73,1
414,388.77,471.0,116.98,1
415,196.92,54.18,399.93,0
416,133.67,443.81,150.32,0
417,430.6,84.69,419.9,1
418,234.43,473.42,125.1,1
419,128.47,350.89,26.98,0
420,248.79,244.59,289.82,0
421,202.88,324.7,201.96,0
422,25.45,280.24,321.23,0
423,490.88,236.35,221.74,1
424,174.37,216.33,236.49,0
425,303.62,40.22,374.67,0
426,254.72,428.02,72.74,0
427,74.55,260.17,156.32,0
428,416.94,55.88,172.71,0
429,418.7,211.55,304.35,1
430,346.87,335.09,115.3,0
431,47.34,284.07,225.55,0
432,350.97,82.13,343.48,0
433,175.84,486.46,281.51,1
434,158.5,20.77,258.34,0
435,439.46,364.32,338.27,1
436,499.05,444.06,198.7,1
437,180.68,150.16,193.79,0
438,485.82,219.15,488.76,1
439,330.8,172.04,144.03,0
440,28.97,163.26,21.15,0
441,401.39,205.02,433.94,1
442,204.09,221.96,300.25,0
443,465.59,311.3,301.6,1
444,208.32,386.18,492.03,1
445,46.31,242.25,47.32,0
446,312.96,139.3,349.85,1
447,404.72,273.81,457.18,1
448,273.64,385.01,380.25,1
449,358.96,321.02,113.8,0
450,345.79,257.61,125.46,0
451,278.04,392.52,216.0,1
452,393.67,488.61,105.55,1
453,262.63,327.13,302.83,1
454,293.58,441.93,171.03,1
455,285.94,156.94,232.3,0
456,450.23,397.84,278.61,1
457,210.69,166.1,40.61,0
458,73.88,331.14,121.15,0
459,393.93,296.1,42.84,0
460,167.92,481.16,138.97,0
461,435.64,202.57,109.18,0
462,279.5,200.44,421.72,1
463,112.72,177.04,137.48,0
464,326.57,22.1,263.72,0
465,169.8,234.64,111.14,0
466,471.53,332.74,307.32,1
467,276.5,387.15,357.57,1
468,318.98,233.8,158.04,0
469,141.29,81.76,191.55,0
470,280.18,449.53,479.77,1
471,465.31,410.83,130.53,1
472,225.97,305.72,296.74,1
473,143.82,116.17,141.74,0
474,394.02,54.66,394.41,1
475,185.55,226.99,467.78,1
476,44.81,109.08,483.65,0
477,256.07,399.53,117.54,0
478,398.13,145.25,472.63,1
479,34.67,235.43,23.1,0
480,451.95,252.17,52.14,0
481,112.29,184.48,14.17,0
482,492.51,122.75,231.6,1
483,381.35,466.65,126.39,1
484,457.37,314.34,422.48,1
485,304.95,140.63,436.52,1
486,434.08,98.0,279.19,1
487,238.79,177.62,281.3,0
488,166.21,148.2,144.5,0
489,65.11,133.8,79.21,0
490,352.47,264.12,176.65,0
491,382.74,352.3,344.93,1
492,296.32,352.27,121.39,0
493,417.79,223.02,208.56,1
494,449.84,236.4,463.15,1
495,359.9,463.91,326.66,1
496,223.52,331.74,467.86,1
497,344.5,498.6,332.22,1
498,358.0,278.82,213.05,1
499,320.83,330.15,345.95,1
500,129.86,385.09,171.44,0
501,266.07,245.26,184.77,0
502,277.27,401.14,486.49,1
503,358.9,13.31,289.29,0
504,454.07,109.9,327.74,1
505,275.74,375.16,346.76,1
506,355.22,388.41,428.64,1
507,487.18,395.21,392.78,1
508,27.26,223.98,228.99,0
509,43.3,63.64,108.38,0
510,132.0,407.53,73.48,0
511,289.21,275.51,137.86,0
512,303.79,214.63,15.67,0
513,171.34,488.32,283.14,1
514,370.52,319.01,67.38,0
515,41.27,278.67,306.01,0
516,491.48,80.64,88.33,0
517,369.51,409.12,60.97,1
518,178.78,213.09,474.75,1
519,112.64,95.28,477.2,0
520,14.49,222.37,336.2,0
521,23.05,310.42,399.8,0
522,159.19,54.87,141.74,0
523,475.73,271.17,469.59,1
524,76.92,58.19,488.6,0
525,255.67,426.33,321.08,1
526,432.53,104.03,439.26,1
527,248.06,216.8,173.98,0
528,345.37,164.78,174.25,0
529,497.59,311.94,362.75,1
530,327.22,495.65,372.46,1
531,465.77,415.76,158.21,1
532,23.48,251.26,184.49,0
533,30.57,334.16,330.79,0
534,135.05,432.71,406.4,1
535,475.96,409.15,316.79,1
536,127.57,348.57,200.84,0
537,15.66,142.79,263.97,0
538,490.45,251.79,255.79,1
539,477.93,257.77,265.61,1
540,257.37,306.64,134.78,0
541,62.85,339.2,99.19,0
542,170.16,202.81,433.24,1
543,361.95,145.89,455.56,1
544,412.18,329.01,452.49,1
545,337.52,370.86,166.34,1
546,192.9,123.87,187.86,0
547,499.41,411.1,256.99,1
548,95.3,171.64,110.12,0
549,120.78,405.99,79.99,0
550,274.59,45.92,160.99,0
551,352.18,411.07,87.42,1
552,128.0,119.88,331.53,0
553,39.14,193.3,146.64,0
554,128.46,38.52,17.5,0
555,316.48,372.56,32.87,0
556,381.55,309.0,136.28,1
557,283.49,350.71,105.82,0
558,177.76,239.58,70.81,0
559,354.2,450.75,304.33,1
560,81.83,147.74,214.65,0
561,419.8,110.17,456.89,1
562,293.47,322.47,398.8,1
563,403.41,60.04,481.88,1
564,491.52,91.18,125.52,0
565,119.94,91.12,474.87,0
566,453.94,175.47,298.32,1
567,397.54,443.4,404.07,1
568,249.43,165.46,107.02,0
569,378.66,310.76,441.09,1
570,103.93,240.99,458.14,1
571,327.52,56.58,382.39,0
572,44.95,288.28,48.61,0
573,81.6,404.8,470.26,1
574,467.56,143.03,274.86,1
575,249.74,26.86,73.07,0
576,63.69,378.74,64.43,0
577,184.62,383.9,140.29,0
578,220.07,169.0,466.87,1
579,376.83,422.39,223.53,1
580,286.75,229.96,129.14,0
581,130.31,367.75,250.47,0
582,385.4,260.97,326.46,1
583,281.26,206.26,269.39,0
584,248.22,161.68,433.77,1
585,223.19,245.75,106.96,0
586,468.42,119.86,487.5,1
587,66.38,341.75,350.7,0
588,19.35,370.92,371.99,0
589,272.05,154.17,82.95,0
590,149.85,27.93,226.69,0
591,345.75,367.17,59.87,0
592,307.34,455.24,212.84,1
593,82.35,211.05,314.08,0
594,375.34,258.9,365.7,1
595,468.53,117.19,24.5,0
596,104.57,369.31,294.02,0
597,390.6,81.82,377.49,1
598,394.1,478.2,72.77,1
599,360.88,263.88,379.93,1
600,186.52,385.08,206.54,0
601,345.91,65.64,405.08,1
602,480.46,268.87,252.15,1
603,257.97,44.9,199.36,0
604,172.71,364.91,172.64,0
605,99.11,374.57,55.44,0
606,458.51,82.3,215.26,0
607,322.35,431.97,200.3,1
608,124.19,184.19,30.09,0
609,238.27,321.89,230.25,0
610,143.48,291.62,111.35,0
611,206.97,84.53,55.27,0
612,133.53,172.94,434.3,0
613,148.41,479.14,369.56,1
614,461.59,434.53,379.15,1
615,352.52,320.37,259.46,1
616,89.8,360.55,428.5,1
617,267.92,417.98,438.81,1
618,458.03,174.54,379.65,1
619,488.9,403.37,187.98,1
620,363.88,389.77,232.72,1
621,353.53,29.9,149.04,0
622,347.57,490.12,358.99,1
623,85.24,470.1,90.46,0
624,344.32,382.06,108.18,1
625,449.66,340.77,438.33,1
626,163.81,336.19,179.11,0
627,290.82,278.95,485.32,1
628,368.36,375.4,136.54,1
629,221.37,496.28,47.1,0
630,172.73,245.87,132.77,0
631,21.22,39.17,220.95,0
632,116.42,461.2,27.54,0
633,312.94,443.89,120.69,1
634,79.18,205.57,417.22,0
635,179.33,256.88,130.69,0
636,389.23,433.71,71.57,1
637,376.98,253.54,308.9,1
638,174.71,450.77,451.86,1
639,161.98,218.01,47.74,0
640,189.75,147.5,488.58,1
641,30.03,278.02,421.83,0
642,490.97,373.76,492.72,1
643,445.64,213.25,137.15,0
644,81.51,333.42,164.09,0
645,182.06,101.35,88.34,0
646,311.33,34.61,81.95,0
647,447.26,232.21,51.08,0
648,21.61,390.77,292.57,0
649,277.19,227.37,385.18,1
650,23.9,83.13,118.17,0
651,415.53,113.93,300.19,1
652,173.18,471.09,268.66,1
653,266.13,98.61,30.09,0
654,407.59,26.13,444.15,1
655,289.86,164.56,284.48,0
656,36.35,414.52,81.14,0
657,195.35,345.54,176.95,0
658,245.21,147.91,392.24,0
659,282.69,470.57,387.97,1
660,399.49,494.74,476.07,1
661,314.42,357.87,257.27,1
662,297.9,396.68,371.75,1
663,69.12,468.79,267.23,1
664,471.92,81.17,361.51,1
665,434.8,122.8,410.01,1
666,310.09,206.41,197.28,0
667,432.74,25.37,77.42,0
668,386.64,22.76,182.53,0
669,315.34,115.77,148.84,0
670,170.86,261.28,177.82,0
671,209.24,326.46,285.42,1
672,461.79,275.11,402.04,1
673,486.1,462.4,211.35,1
674,37.8,19.72,320.31,0
675,138.47,383.44,277.66,0
676,436.52,401.16,147.36,1
677,183.82,423.27,14.58,0
678,242.56,33.3,117.95,0
679,207.11,382.7,186.48,0
680,206.26,75.29,364.59,0
681,411.58,222.19,291.3,1
682,10.58,122.8,92.49,0
683,111.65,184.58,195.36,0
684,391.99,157.18,283.1,1
685,39.47,408.43,208.18,0
686,393.99,234.95,323.09,1
687,58.39,448.8,77.39,0
688,228.41,446.34,40.64,0
689,270.59,71.81,284.07,0
690,398.47,133.25,142.87,0
691,381.1,314.5,480.13,1
692,123.49,354.37,402.52,1
693,144.72,259.29,376.89,0
694,81.78,119.22,289.25,0
695,332.46,360.55,360.09,1
696,468.63,281.35,80.05,1
697,219.97,162.53,59.45,0
698,325.16,274.74,86.29,0
699,447.12,133.91,450.0,1
700,420.16,423.59,93.77,1
701,431.34,119.66,255.18,1
702,62.77,123.81,307.96,0
703,166.63,163.88,79.61,0
704,439.14,407.0,403.94,1
705,206.68,459.36,316.91,1
706,140.07,184.86,269.46,0
707,468.89,461.43,54.53,1
708,133.47,465.51,296.26,1
709,14.93,80.7,127.86,0
710,169.72,446.85,250.38,1
711,486.57,471.21,122.26,1
712,36.03,248.73,186.31,0
713,352.48,384.81,363.32,1
714,45.08,56.65,172.35,0
715,276.6,293.33,78.43,0
716,17.25,31.4,70.27,0
717,144.64,303.58,198.71,0
718,28.9,306.63,16.77,0
719,231.65,218.83,398.75,1
720,412.93,139.73,36.7,0
721,467.09,174.89,155.05,0
722,350.07,92.18,249.56,0
723,297.33,269.78,358.7,1
724,462.43,477.41,48.03,1
725,275.81,46.86,62.68,0
726,474.08,118.95,432.17,1
727,426.45,30.13,237.04,0
728,140.12,133.88,243.64,0
729,410.69,342.02,300.14,1
730,414.88,430.44,11.81,1
731,140.68,156.36,123.61,0
732,179.44,488.5,270.1,1
733,283.83,154.38,84.22,0
734,302.44,223.31,222.63,0
735,159.64,141.85,212.08,0
736,447.65,494.47,499.06,1
737,415.73,177.3,349.71,1
738,417.57,385.42,325.86,1
739,217.09,378.34,115.8,0
740,290.73,132.24,26.91,0
741,481.6,258.93,119.94,1
742,477.87,41.27,67.31,0
743,234.27,139.25,483.19,1
744,270.48,20.45,303.57,0
745,419.08,41.77,243.1,0
746,50.4,108.81,378.18,0
747,481.51,103.5,431.66,1
748,37.26,144.06,242.97,0
749,233.06,481.18,11.92,0
750,80.78,31.88,134.75,0
751,173.49,486.11,179.39,1
752,211.23,447.15,357.21,1
753,314.15,83.87,444.41,1
754,165.92,450.36,193.46,1
755,295.53,240.94,244.26,0
756,161.17,38.64,158.53,0
757,216.93,310.19,233.0,0
758,368.47,102.88,291.0,0
759,400.51,340.91,292.01,1
760,372.93,121.74,464.53,1
761,101.45,145.41,53.65,0
762,187.7,488.11,107.31,0
763,142.87,57.75,355.82,0
764,221.14,120.11,253.52,0
765,11.78,81.01,330.88,0
766,192.06,173.82,103.08,0
767,252.76,276.33,226.53,0
768,301.67,331.03,236.71,1
769,132.78,232.32,171.71,0
770,108.72,205.86,195.59,0
771,51.28,96.25,72.71,0
772,309.15,43.09,388.6,0
773,52.75,84.73,439.86,0
774,190.08,96.97,250.89,0
775,143.55,471.74,296.33,1
776,328.03,485.44,420.69,1
777,478.08,399.1,336.92,1
778,164.99,29.79,426.04,0
779,407.17,275.55,473.31,1
780,425.38,270.21,474.5,1
781,474.75,430.96,135.51,1
782,84.23,393.09,417.1,1
783,148.29,133.88,419.82,0
784,36.16,248.49,208.62,0
785,418.93,31.37,358.92,1
786,38.19,329.14,288.26,0
787,423.48,459.96,494.34,1
788,251.93,434.1,185.15,1
789,332.67,235.27,494.42,1
790,148.63,266.48,74.76,0
791,296.95,328.66,384.92,1
792,349.63,400.32,348.99,1
793,162.74,354.51,342.4,1
794,27.17,268.74,67.06,0
795,479.1,410.58,221.8,1
796,77.91,320.1,468.03,1
797,251.25,420.18,231.51,1
798,131.29,202.11,314.08,0
799,499.41,440.22,438.85,1
800,354.75,451.82,401.95,1
801,173.14,134.96,113.7,0
802,330.92,159.23,293.57,0
803,449.78,175.14,334.5,1
804,320.69,258.94,428.86,1
805,127.39,276.64,283.41,0
806,286.41,426.59,318.08,1
807,88.95,461.04,265.47,1
808,460.51,406.6,470.74,1
809,427.77,396.49,365.5,1
810,88.4,339.77,241.27,0
811,36.95,486.69,460.92,1
812,463.36,151.36,172.08,0
813,288.0,333.34,295.53,1
814,408.16,152.1,386.28,1
815,148.99,417.07,196.87,0
816,385.58,390.22,482.26,1
817,398.69,25.44,374.19,0
818,406.4,141.21,427.57,1
819,407.78,333.86,324.73,1
820,209.51,281.63,211.65,0
821,298.49,179.38,226.33,0
822,179.02,138.53,106.46,0
823,220.02,365.85,391.65,1
824,493.8,361.6,135.82,1
825,208.03,452.84,445.14,1
826,333.61,462.43,219.24,1
827,435.69,431.96,321.95,1
828,485.02,92.21,322.39,1
829,310.1,328.91,82.67,0
830,442.8,491.04,92.08,1
831,197.57,367.33,334.1,1
832,384.06,418.65,220.78,1
833,454.3,428.06,361.21,1
834,143.9,98.72,384.08,0
835,351.78,107.76,76.16,0
836,58.99,452.45,280.81,0
837,199.55,339.13,184.75,0
838,11.23,468.25,414.83,1
839,358.43,87.96,330.71,0
840,484.86,303.21,346.74,1
841,336.96,108.65,19.45,0
842,214.35,455.88,262.34,1
843,222.29,229.09,11.78,0
844,110.13,77.6,358.13,0
845,260.09,159.61,460.23,1
846,333.64,273.4,385.41,1
847,31.14,45.58,490.33,0
848,315.59,439.68,435.55,1
849,117.56,136.57,424.62,0
850,94.95,178.06,244.29,0
851,417.02,216.3,405.61,1
852,36.72,222.77,29.09,0
853,380.47,38.67,26.1,0
854,109.94,264.09,171.4,0
855,247.69,92.95,212.71,0
856,450.01,329.43,189.91,1
857,189.73,425.85,433.18,1
858,376.03,351.05,296.26,1
859,337.83,479.01,396.46,1
860,499.27,200.98,274.02,1
861,157.29,323.8,402.21,1
862,331.29,21.31,447.1,0
863,401.28,128.57,432.81,1
864,495.6,70.76,71.45,0
865,58.73,181.23,334.83,0
866,371.02,204.62,36.76,0
867,384.97,33.56,235.16,0
868,21.39,140.44,248.0,0
869,100.97,58.87,71.74,0
870,489.65,188.7,471.74,1
871,134.71,409.34,124.53,0
872,19.94,336.55,155.69,0
873,61.53,198.72,46.09,0
874,319.1,319.34,77.78,0
875,409.52,465.09,272.64,1
876,172.18,126.86,47.35,0
877,456.96,134.31,21.66,0
878,151.62,211.02,377.41,0
879,47.5,172.2,96.54,0
880,209.61,400.96,328.6,1
881,350.83,478.37,321.39,1
882,410.1,32.77,20.19,0
883,242.4,159.65,116.55,0
884,213.34,202.51,361.16,0
885,334.89,496.23,465.79,1
886,383.41,67.99,407.71,1
887,311.83,36.1,267.51,0
888,419.93,159.05,386.79,1
889,478.53,175.63,256.35,1
890,295.15,66.13,113.54,0
891,90.37,142.38,77.66,0
892,210.82,491.22,283.03,1
893,461.23,413.47,86.88,1
894,154.09,455.25,446.68,1
895,119.16,492.97,104.45,0
896,322.39,437.87,215.35,1
897,493.22,33.67,14.31,0
898,442.21,207.28,348.65,1
899,36.99,298.9,137.08,0
900,40.18,251.83,53.72,0
901,23.35,133.85,459.19,0
902,128.44,180.8,63.7,0
903,185.8,248.27,33.75,0
904,488.99,94.29,62.92,0
905,451.72,13.94,213.98,0
906,77.17,47.56,72.51,0
907,198.76,475.8,490.68,1
908,71.86,239.35,41.92,0
909,401.24,133.77,281.55,1
910,141.97,423.92,53.93,0
911,273.6,321.83,437.87,1
912,160.96,292.08,163.57,0
913,367.17,215.73,374.45,1
914,43.29,441.27,141.34,0
915,472.32,225.83,354.78,1
916,222.83,494.24,407.52,1
917,86.59,250.39,187.45,0
918,170.11,365.67,318.93,1
919,49.27,251.51,290.19,0
920,149.86,87.39,306.38,0
921,270.34,199.03,204.99,0
922,87.91,63.32,376.6,0
923,330.21,135.81,262.11,0
924,34.42,434.1,57.36,0
925,391.07,307.48,336.58,1
926,166.97,311.78,257.39,0
927,208.97,187.94,249.63,0
928,332.61,473.37,40.16,1
929,361.48,331.06,198.41,1
930,85.74,228.36,81.29,0
931,145.24,80.94,414.38,0
932,250.69,276.9,460.66,1
933,227.45,92.48,79.53,0
934,190.84,484.24,113.12,0
935,276.83,15.48,12.51,0
936,37.42,489.63,54.63,0
937,312.45,474.79,13.02,0
938,491.73,204.09,346.17,1
939,318.5,345.78,269.85,1
940,134.0,137.84,177.28,0
941,165.93,240.56,156.47,0
942,116.99,88.3,251.12,0
943,448.16,94.84,441.93,1
944,469.68,156.71,189.05,1
945,133.01,387.83,377.3,1
946,448.17,201.32,409.31,1
947,303.83,404.51,460.77,1
948,274.06,31.67,380.0,0
949,275.78,76.07,71.72,0
950,89.63,438.28,376.39,1
951,63.45,23.25,250.01,0
952,457.21,195.39,266.37,1
953,433.56,492.82,176.17,1
954,53.98,155.9,213.44,0
955,84.77,368.32,130.89,0
956,30.8,84.94,466.69,0
957,342.97,13.9,220.4,0
958,261.77,373.48,295.3,1
959,453.77,298.58,305.93,1
960,416.66,177.17,167.1,0
961,102.54,49.13,358.28,0
962,318.49,213.12,102.05,0
963,362.63,323.49,18.69,0
964,127.95,113.2,46.34,0
965,80.94,20.92,174.63,0
966,278.81,358.05,310.42,1
967,137.06,114.03,10.1,0
968,421.85,456.99,172.51,1
969,34.28,46.09,204.35,0
970,432.55,108.69,174.75,0
971,140.79,241.19,256.37,0
972,427.66,493.19,308.55,1
973,307.78,139.42,98.5,0
974,213.39,393.88,86.53,0
975,110.35,278.98,374.58,0
976,469.71,351.09,259.6,1
977,234.82,285.91,134.75,0
978,105.43,436.91,90.51,0
979,489.43,474.75,33.66,1
980,433.26,155.87,135.12,0
981,62.7,422.8,392.64,1
982,139.39,186.94,484.82,1
983,475.54,322.82,493.15,1
984,302.88,384.67,99.46,0
985,385.36,464.24,298.31,1
986,380.06,95.47,143.94,0
987,44.75,88.51,347.63,0
988,125.86,460.48,82.11,0
989,282.12,258.79,275.93,1
990,162.98,441.88,498.53,1
991,318.57,263.21,163.24,0
992,166.8,57.91,107.11,0
993,143.9,43.73,380.86,0
994,94.52,229.33,42.21,0
995,244.33,30.62,327.66,0
996,217.01,331.48,325.02,1
997,276.04,473.7,75.55,1
998,38.39,391.82,181.63,0
999,339.57,312.21,175.5,1
1000,448.91,355.02,471.4,1
1001,491.18,487.75,22.05,1
1002,36.83,366.16,450.39,1
1003,157.32,257.85,243.08,0
1004,145.81,38.8,63.91,0
1005,479.21,476.47,183.26,1
1006,256.39,443.35,219.84,1
1007,233.06,459.1,257.64,1
1008,466.11,460.68,202.46,1
1009,222.88,64.21,292.31,0
1010,257.09,73.79,18.65,0
1011,433.04,95.19,104.28,0
1012,120.9,326.65,447.61,1
1013,434.93,349.03,438.45,1
1014,165.21,97.52,226.04,0
1015,339.86,281.99,425.9,1
1016,340.49,102.18,317.9,0
1017,58.13,318.22,135.04,0
1018,425.41,267.87,84.01,0
1019,263.51,228.12,306.42,0
1020,450.17,433.64,392.73,1
1021,165.89,55.06,460.33,0
1022,195.6,77.77,43.92,0
1023,286.69,240.37,49.74,0
1024,457.43,432.33,99.42,1
1025,54.23,354.46,133.46,0
1026,38.82,147.28,136.2,0
1027,376.59,439.83,302.16,1
1028,443.11,329.53,423.15,1
1029,342.86,331.03,296.81,1
1030,37.21,469.22,102.37,0
1031,124.52,421.14,160.6,0
1032,495.16,345.09,361.65,1
1033,355.69,100.76,62.78,0
1034,288.58,66.09,137.37,0
1035,320.57,90.1,142.36,0
1036,111.14,385.22,232.88,0
1037,327.8,237.58,387.06,1
1038,449.59,461.62,12.6,1
1039,192.71,85.44,424.05,0
1040,167.3,163.34,406.88,0
1041,403.85,316.94,215.64,1
1042,52.33,51.05,13.9,0
1043,395.91,47.57,346.4,0
1044,415.05,468.51,387.15,1
1045,275.99,118.0,314.32,0
1046,415.95,147.65,35.11,0
1047,81.74,411.72,324.92,1
1048,362.99,126.52,35.15,0
1049,469.15,333.36,13.56,1
1050,373.46,232.05,131.03,0
1051,392.42,416.46,42.21,1
1052,187.24,130.9,253.75,0
1053,393.33,113.09,19.23,0
1054,236.36,204.84,27.06,0
1055,460.17,267.97,341.06,1
1056,258.29,421.73,111.32,0
1057,232.2,276.3,103.35,0
1058,285.27,117.73,268.61,0
1059,318.53,456.12,190.31,1
1060,460.5,186.74,171.98,1
1061,99.1,174.61,84.93,0
1062,329.8,479.06,126.01,1
1063,446.49,207.08,419.2,1
1064,468.77,141.95,240.48,1
1065,112.26,266.2,320.16,0
1066,265.51,246.5,97.0,0
1067,241.31,172.84,227.16,0
1068,336.8,104.73,395.1,1
1069,362.33,195.02,137.31,0
1070,12.11,58.03,79.72,0
1071,202.06,240.85,448.35,1
1072,283.79,283.2,82.32,0
1073,158.1,451.45,58.6,0
1074,241.91,34.62,187.61,0
1075,250.01,409.35,437.91,1
1076,195.69,182.7,113.19,0
1077,50.05,395.97,243.24,0
1078,314.7,153.21,132.89,0
1079,90.69,423.77,119.86,0
1080,294.44,93.44,113.94,0
1081,105.85,88.14,204.87,0
1082,342.4,168.7,231.78,0
1083,162.36,494.42,82.12,0
1084,430.1,293.17,147.22,1
1085,434.94,143.25,304.79,1
1086,89.86,362.06,153.92,0
1087,311.71,243.54,290.59,1
1088,313.82,126.91,272.93,0
1089,231.74,202.69,168.7,0
1090,112.85,90.66,250.5,0
1091,57.59,369.1,446.41,1
1092,454.21,64.86,488.63,1
1093,104.96,109.95,51.17,0
1094,442.96,160.1,419.49,1
1095,78.5,251.91,39.52,0
1096,410.55,248.54,357.65,1
1097,259.65,277.34,188.67,0
1098,451.31,191.4,158.96,1
1099,223.45,170.56,166.39,0
1100,142.67,145.66,31.47,0
1101,337.67,156.44,10.2,0
1102,232.56,369.57,70.29,0
1103,53.08,396.32,54.49,0
1104,173.73,157.77,341.8,0
1105,469.29,257.84,410.92,1
1106,431.83,259.39,138.83,1
1107,447.0,228.69,114.66,0
1108,359.85,161.86,103.5,0
1109,198.59,342.9,369.58,1
1110,74.89,240.3,136.92,0
1111,21.54,83.94,384.17,0
1112,392.15,496.94,442.76,1
1113,12.48,126.77,358.02,0
1114,48.68,28.78,12.39,0
1115,452.38,107.31,10.1,0
1116,315.85,189.81,53.1,0
1117,470.3,400.77,397.89,1
1118,125.73,206.92,105.53,0
1119,445.19,486.79,185.54,1
1120,132.53,397.6,225.31,0
1121,390.69,99.41,187.13,0
1122,424.55,15.75,254.74,0
1123,234.73,170.06,299.11,0
1124,131.57,188.19,156.82,0
1125,23.71,94.29,253.25,0
1126,280.25,283.77,19.38,0
1127,254.29,183.47,266.5,0
1128,259.59,217.11,223.3,0
1129,421.33,308.76,254.58,1
1130,90.01,310.54,32.83,0
1131,102.81,265.2,73.49,0
1132,465.62,440.33,368.83,1
1133,289.42,77.38,332.79,0
1134,179.33,422.84,363.33,1
1135,58.13,132.1,335.81,0
1136,420.18,15.61,197.54,0
1137,321.29,391.54,78.61,0
1138,477.3,158.89,308.07,1
1139,233.98,138.45,431.72,1
1140,465.58,284.01,368.14,1
1141,351.04,291.61,488.15,1
1142,366.67,170.19,331.47,1
1143,50.41,29.8,50.81,0
1144,16.24,135.3,23.65,0
1145,22.42,139.34,345.45,0
1146,115.38,395.67,183.2,0
1147,280.09,286.93,29.81,0
1148,316.02,230.95,339.23,1
1149,64.94,237.72,368.01,0
1150,494.0,310.11,122.55,1
1151,309.67,325.45,380.85,1
1152,73.23,335.27,130.13,0
1153,72.89,94.94,441.95,0
1154,461.51,308.52,87.41,1
1155,320.55,189.5,23.9,0
1156,363.31,329.74,370.77,1
1157,207.84,230.64,26.55,0
1158,456.68,229.42,98.88,0
1159,313.03,90.26,345.32,0
1160,357.48,357.88,326.8,1
1161,471.24,498.27,252.2,1
1162,42.51,177.65,166.05,0
1163,360.97,27.66,327.82,0
1164,403.94,434.34,278.68,1
1165,127.81,110.45,202.53,0
1166,200.25,88.12,28.1,0
1167,255.5,430.69,492.07,1
1168,225.92,441.25,111.11,0
1169,323.41,17.07,439.62,0
1170,130.57,412.03,212.6,0
1171,22.2,470.15,14.04,0
1172,446.2,34.74,12.82,0
1173,150.64,378.73,11.5,0
1174,470.15,339.35,357.38,1
1175,210.12,475.56,379.61,1
1176,495.46,486.12,86.45,1
1177,310.56,410.69,341.06,1
1178,124.93,331.46,343.55,0
1179,122.41,230.76,174.39,0
1180,68.88,399.26,457.43,1
1181,181.17,326.51,193.65,0
1182,406.18,238.47,137.3,0
1183,380.24,214.62,357.02,1
1184,169.16,76.26,255.18,0
1185,246.22,280.74,341.73,1
1186,50.64,364.16,268.81,0
1187,237.51,407.56,413.48,1
1188,127.49,189.37,223.63,0
1189,422.51,179.07,32.98,0
1190,409.05,212.46,42.53,0
1191,289.88,200.67,466.63,1
1192,451.7,60.03,74.29,0
1193,403.88,261.15,38.41,0
1194,354.28,217.66,290.54,1
1195,76.51,251.97,92.75,0
1196,135.8,357.98,354.1,1
1197,396.6,133.56,481.92,1
1198,196.13,130.89,228.35,0
1199,29.94,347.38,88.65,0
1200,412.31,349.73,107.36,1
1201,84.54,279.19,135.5,0
1202,209.3,265.97,122.46,0
1203,434.43,328.39,399.39,1
1204,200.38,333.65,62.27,0
1205,385.2,384.96,244.65,1
1206,466.86,269.88,344.22,1
1207,421.57,370.51,426.45,1
1208,417.82,394.81,73.02,1
1209,320.2,43.23,106.07,0
1210,267.62,438.61,353.63,1
1211,19.87,153.7,232.06,0
1212,421.66,117.79,80.66,0
1213,351.97,158.55,67.31,0
1214,34.46,149.78,390.31,0
1215,145.61,74.69,406.28,0
1216,167.39,142.54,112.59,0
1217,495.93,20.51,202.44,0
1218,124.94,439.19,331.25,1
1219,433.05,47.3,400.6,1
1220,483.8,488.45,388.33,1
1221,313.62,299.68,164.63,0
1222,25.39,88.26,24.82,0
1223,223.88,352.4,493.25,1
1224,470.22,445.43,495.98,1
1225,386.26,308.17,283.74,1
1226,219.04,224.42,347.14,0
1227,354.34,164.6,130.68,0
1228,455.51,47.82,486.49,1
1229,155.89,369.92,41.1,0
1230,126.83,42.09,460.39,0
1231,85.68,451.08,319.59,1
1232,401.0,19.19,243.67,0
1233,162.71,162.14,211.85,0
1234,272.42,445.0,175.48,1
1235,395.52,250.79,316.8,1
1236,423.43,337.72,95.12,1
1237,209.52,343.14,170.12,0
1238,106.92,198.8,89.98,0
1239,253.27,204.78,66.93,0
1240,304.59,244.85,284.05,1
1241,165.4,81.16,440.52,0
1242,449.22,237.27,381.43,1
1243,343.49,482.42,358.46,1
1244,100.75,96.93,252.88,0
1245,109.65,150.48,290.43,0
1246,417.55,51.85,170.84,0
1247,153.19,385.73,231.43,0
1248,206.59,197.18,464.05,1
1249,456.84,347.51,199.7,1
1250,383.19,207.05,207.92,0
1251,296.7,62.52,129.13,0
1252,341.23,470.27,238.82,1
1253,364.76,250.86,84.45,0
1254,421.27,484.01,467.15,1
1255,123.89,447.05,11.07,0
1256,476.15,82.94,241.57,1
1257,276.73,74.82,352.01,0
1258,239.23,425.13,53.42,0
1259,325.04,211.8,254.52,0
1260,204.79,206.68,367.26,0
1261,152.36,382.44,359.87,1
1262,469.35,187.11,12.22,0
1263,125.21,13.19,238.6,0
1264,170.26,238.04,157.07,0
1265,37.86,211.08,407.59,0
1266,431.97,134.42,344.47,1
1267,74.49,270.72,351.51,0
1268,432.36,215.33,282.91,1
1269,282.53,460.34,111.93,1
1270,317.12,379.56,360.88,1
1271,391.19,264.02,478.29,1
1272,491.67,75.1,321.82,1
1273,436.0,186.89,251.89,1
1274,335.97,301.48,392.98,1
1275,245.44,450.79,134.23,1
1276,146.8,412.05,469.65,1
1277,442.7,260.13,474.54,1
1278,489.18,169.84,48.69,0
1279,424.6,447.42,401.52,1
1280,404.0,353.92,304.01,1
1281,57.94,497.44,335.95,1
1282,488.56,392.84,17.31,1
1283,382.76,276.17,225.56,1
1284,450.09,88.58,186.91,0
1285,431.82,450.7,330.87,1
1286,279.31,412.75,393.1,1
1287,218.38,119.4,26.95,0
1288,127.01,31.84,490.74,0
1289,82.83,209.34,109.31,0
1290,108.51,76.26,390.7,0
1291,158.44,411.29,288.94,1
1292,106.12,318.16,384.36,1
1293,112.43,231.27,319.14,0
1294,209.97,29.62,260.85,0
1295,133.17,453.98,333.74,1
1296,255.6,491.23,354.86,1
1297,497.69,388.84,234.95,1
1298,119.97,284.33,325.91,0
1299,102.52,414.46,468.65,1
1300,436.44,333.28,353.3,1
1301,484.23,173.21,135.18,0
1302,380.91,487.99,256.96,1
1303,482.06,35.9,222.23,0
1304,276.92,198.9,470.63,1
1305,165.13,423.92,141.13,0
1306,185.69,344.0,176.32,0
1307,47.94,335.27,130.22,0
1308,358.59,381.42,151.87,1
1309,155.25,108.39,150.73,0
1310,259.88,438.13,355.72,1
1311,128.04,390.09,67.54,0
1312,451.39,481.79,235.0,1
1313,188.2,167.78,69.03,0
1314,344.24,367.41,356.55,1
1315,486.93,266.71,302.43,1
1316,162.41,105.52,267.85,0
1317,102.71,162.34,368.8,0
1318,67.6,53.18,104.82,0
1319,301.69,137.71,131.12,0
1320,271.37,474.97,244.13,1
1321,299.6,277.64,498.9,1
1322,189.8,159.49,14.7,0
1323,385.83,178.2,143.48,0
1324,111.35,321.23,91.38,0
1325,67.0,67.91,374.09,0
1326,40.56,495.72,167.77,0
1327,270.75,284.2,25.73,0
1328,267.24,472.9,246.12,1
1329,438.35,363.1,153.94,1
1330,104.02,264.42,237.3,0
1331,147.56,387.29,157.31,0
1332,248.73,215.89,71.51,0
1333,31.81,398.27,28.27,0
1334,39.77,417.77,188.28,0
1335,489.23,382.32,360.23,1
1336,104.46,78.67,153.8,0
1337,26.63,224.25,481.66,0
1338,164.01,138.15,250.04,0
1339,449.38,239.21,353.25,1
1340,121.15,112.86,135.05,0
1341,99.97,157.79,217.53,0
1342,455.33,24.05,122.3,0
1343,169.08,35.51,218.78,0
1344,245.73,159.96,412.25,1
1345,429.77,469.21,344.41,1
1346,467.69,144.55,90.21,0
1347,193.07,433.05,466.58,1
1348,72.07,497.33,477.02,1
1349,298.1,111.62,245.32,0
1350,385.2,489.91,289.37,1
1351,301.3,184.21,24.18,0
1352,94.99,403.59,364.83,1
1353,360.2,149.92,77.86,0
1354,11.26,329.66,330.66,0
1355,470.65,38.3,295.81,1
1356,148.3,71.47,304.58,0
1357,211.04,131.89,275.66,0
1358,65.99,436.79,355.77,1
1359,287.1,187.22,283.91,0
1360,31.14,188.83,212.04,0
1361,89.06,138.58,382.74,0
1362,39.67,495.09,361.3,1
1363,398.11,198.46,237.86,1
1364,368.2,79.66,267.33,0
1365,456.05,368.29,33.09,1
1366,270.64,198.86,205.75,0
1367,359.44,247.21,201.9,1
1368,286.09,204.05,266.89,0
1369,281.03,71.37,65.36,0
1370,471.17,471.59,201.79,1
1371,194.92,376.43,260.8,1
1372,137.24,35.18,371.93,0
1373,236.48,73.79,371.87,0
1374,446.18,416.88,382.37,1
1375,114.62,364.97,129.66,0
1376,97.14,270.84,427.99,0
1377,155.99,94.37,130.19,0
1378,396.99,383.17,145.69,1
1379,195.56,456.91,260.11,1
1380,294.31,135.09,378.82,1
1381,96.22,88.36,403.09,0
1382,255.47,121.43,402.34,0
1383,390.41,378.88,379.45,1
1384,435.87,405.64,372.09,1
1385,83.32,60.03,170.14,0
1386,398.43,71.35,228.35,0
1387,21.66,61.35,314.03,0
1388,135.82,476.24,458.51,1
1389,328.03,284.38,261.89,1
1390,389.59,412.49,322.63,1
1391,211.56,485.77,171.97,1
1392,454.83,256.79,150.64,1
1393,128.1,385.06,390.76,1
1394,18.5,216.96,229.36,0
1395,320.0,247.37,155.78,0
1396,307.05,13.59,381.35,0
1397,202.58,178.97,118.93,0
1398,122.35,357.01,440.25,1
1399,431.44,300.56,166.85,1
1400,268.23,97.37,375.12,0
1401,499.87,340.62,345.06,1
1402,443.99,133.4,371.28,1
1403,465.71,212.42,225.1,1
1404,364.03,185.27,287.83,1
1405,84.87,24.98,371.32,0
1406,251.7,39.69,61.57,0
1407,366.5,163.06,410.49,1
1408,462.95,439.47,16.35,1
1409,148.58,64.15,300.57,0
1410,340.18,234.48,181.89,0
1411,134.46,465.25,462.31,1
1412,164.08,329.14,19.03,0
1413,179.86,258.38,174.97,0
1414,484.69,255.62,342.02,1
1415,164.22,247.49,14.8,0
1416,295.39,219.85,418.89,1
1417,461.69,351.43,294.28,1
1418,203.28,231.24,306.87,0
1419,98.66,219.64,438.33,0
1420,436.24,294.24,384.83,1
1421,493.13,330.88,239.29,1
1422,164.72,299.96,398.44,1
1423,142.3,287.68,245.31,0
1424,244.16,395.18,374.94,1
1425,387.94,187.73,403.6,1
1426,55.28,79.76,225.38,0
1427,473.36,246.92,447.36,1
1428,94.12,141.55,129.99,0
1429,86.68,70.17,361.58,0
1430,402.99,231.52,462.11,1
1431,327.67,269.28,341.31,1
1432,488.89,303.4,374.77,1
1433,266.54,228.9,386.39,1
1434,300.54,452.07,389.25,1
1435,261.25,303.34,239.2,1
1436,155.16,127.02,272.66,0
1437,470.49,31.57,154.64,0
1438,128.26,477.01,359.07,1
1439,224.97,237.25,477.21,1
1440,113.28,300.8,294.58,0
1441,61.8,351.7,93.8,0
1442,455.68,363.88,266.08,1
1443,129.72,246.19,226.59,0
1444,440.51,255.53,80.88,0
1445,42.93,178.3,51.02,0
1446,283.37,429.63,115.33,1
1447,308.51,252.4,497.24,1
1448,352.62,292.56,343.13,1
1449,291.1,121.03,340.82,0
1450,396.25,272.79,357.04,1
1451,380.71,27.81,252.95,0
1452,203.97,330.41,444.64,1
1453,350.99,65.65,13.15,0
1454,234.37,437.07,364.47,1
1455,427.15,297.12,32.73,0
1456,113.58,277.16,17.08,0
1457,257.97,371.83,109.39,0
1458,230.04,300.11,59.73,0
1459,225.73,376.76,316.02,1
1460,388.42,351.15,136.59,1
1461,47.95,324.71,368.46,0
1462,220.34,102.68,121.86,0
1463,365.38,76.18,412.71,1
1464,48.63,181.99,19.57,0
1465,467.14,282.71,206.78,1
1466,249.17,44.0,291.97,0
1467,424.31,365.35,382.43,1
1468,188.89,284.83,252.53,0
1469,372.49,321.79,260.23,1
1470,350.36,388.89,350.77,1
1471,415.02,336.16,470.56,1
1472,446.94,188.34,131.72,0
1473,305.99,356.74,57.21,0
1474,351.02,213.21,231.83,0
1475,478.22,344.6,495.0,1
1476,187.05,146.46,123.01,0
1477,97.91,222.23,424.26,0
1478,436.07,411.41,401.42,1
1479,461.45,42.84,422.25,1
1480,419.12,453.3,102.2,1
1481,198.99,450.2,78.99,0
1482,166.8,14.51,218.88,0
1483,45.84,456.26,407.12,1
1484,140.46,468.43,141.28,0
1485,240.01,65.16,59.07,0
1486,333.52,439.32,447.65,1
1487,412.95,443.04,469.47,1
1488,139.66,237.76,34.38,0
1489,418.9,208.74,401.33,1
1490,77.93,429.1,424.44,1
1491,315.89,226.42,59.54,0
1492,386.49,32.41,147.85,0
1493,445.25,453.18,404.03,1
1494,460.64,186.11,215.46,1
1495,287.33,385.38,11.24,0
1496,335.42,351.25,26.45,0
1497,377.99,165.99,178.13,0
1498,129.97,481.93,87.32,0
1499,262.13,204.87,219.54,0
1500,343.12,19.88,416.55,0
1501,133.94,330.73,341.79,1
1502,333.03,333.35,498.9,1
1503,46.76,417.94,373.19,1
1504,195.53,437.49,257.94,1
1505,236.96,416.13,219.7,1
1506,402.62,428.99,262.72,1
1507,271.06,404.8,218.5,1
1508,57.64,428.71,359.34,1
1509,171.47,198.77,98.67,0
1510,225.47,217.24,314.66,0
1511,158.29,238.35,74.24,0
1512,379.31,432.92,132.96,1
1513,399.38,196.37,107.02,0
1514,403.67,285.13,465.89,1
1515,151.66,21.35,406.46,0
1516,422.29,114.78,191.25,0
1517,375.94,198.62,64.05,0
1518,186.19,255.36,117.7,0
1519,260.54,155.82,320.53,0
1520,391.91,81.12,85.7,0
1521,281.7,429.11,347.4,1
1522,100.96,125.54,499.29,0
1523,98.27,143.97,330.08,0
1524,193.64,88.14,425.38,0
1525,270.4,494.1,46.27,1
1526,81.02,376.9,134.91,0
1527,92.75,415.62,435.23,1
1528,490.93,247.41,78.17,1
1529,491.2,24.05,50.68,0
1530,329.12,407.38,199.92,1
1531,350.81,72.69,435.33,1
1532,171.57,139.96,109.84,0
1533,497.27,493.43,21.9,1
1534,118.4,342.08,60.34,0
1535,17.89,293.1,289.66,0
1536,139.37,68.06,286.96,0
1537,195.32,88.14,286.38,0
1538,209.19,291.23,358.84,1
1539,451.86,450.98,253.26,1
1540,247.32,168.02,458.89,1
1541,39.29,332.83,90.09,0
1542,134.65,340.23,13.39,0
1543,193.9,266.15,320.96,0
1544,310.69,52.06,265.05,0
1545,235.98,65.25,355.86,0
1546,472.67,420.03,78.28,1
1547,190.32,298.16,456.77,1
1548,445.25,420.66,172.04,1
1549,96.61,16.17,466.96,0
1550,194.66,372.93,60.3,0
1551,11.16,222.06,334.74,0
1552,53.74,209.19,267.9,0
1553,449.69,17.44,395.28,1
1554,274.6,406.71,123.25,1
1555,137.31,96.85,205.6,0
1556,48.65,449.11,400.97,1
1557,352.19,73.21,454.51,1
1558,117.95,148.44,186.07,0
1559,365.53,342.8,101.36,1
1560,300.05,484.58,401.16,1
1561,461.94,239.59,333.63,1
1562,353.54,45.16,318.15,0
1563,197.39,480.89,191.74,1
1564,29.48,366.96,110.72,0
1565,314.76,331.83,457.24,1
1566,328.26,462.11,45.01,1
1567,158.73,83.74,199.62,0
1568,24.16,460.35,376.0,1
1569,454.66,394.74,28.74,1
1570,108.02,391.66,127.68,0
1571,490.57,285.24,375.97,1
1572,21.28,354.9,315.67,0
1573,449.54,450.21,357.46,1
1574,219.91,19.36,372.39,0
1575,284.59,293.29,28.62,0
1576,14.67,386.65,39.49,0
1577,276.32,41.64,217.42,0
1578,50.14,293.89,365.36,0
1579,58.9,245.15,230.67,0
1580,212.06,369.77,132.43,0
1581,26.21,197.06,237.79,0
1582,478.49,486.51,163.14,1
1583,450.55,398.25,410.39,1
1584,130.99,409.35,22.46,0
1585,197.56,127.99,411.98,0
1586,64.95,255.96,206.58,0
1587,324.32,308.6,472.88,1
1588,271.76,394.03,53.71,0
1589,309.51,321.67,19.68,0
1590,19.35,409.79,73.08,0
1591,114.38,27.27,203.99,0
1592,64.95,397.98,227.6,0
1593,42.41,493.93,400.21,1
1594,142.86,125.2,108.32,0
1595,431.79,118.77,188.08,0
1596,311.33,367.5,83.65,0
1597,288.25,124.48,478.08,1
1598,117.54,196.99,19.4,0
1599,214.69,143.57,189.51,0
1600,443.78,329.48,381.21,1
1601,298.79,476.2,68.59,1
1602,212.92,414.64,267.42,1
1603,453.32,122.85,449.23,1
1604,94.47,105.0,189.65,0
1605,97.25,187.88,417.93,0
1606,369.81,473.93,252.14,1
1607,239.21,226.11,486.82,1
1608,481.42,498.2,301.28,1
1609,22.37,100.19,286.07,0
1610,223.97,330.04,489.79,1
1611,65.69,107.44,476.86,0
1612,219.87,310.68,42.53,0
1613,162.18,460.72,455.98,1
1614,142.69,378.83,356.01,1
1615,343.32,174.09,96.54,0
1616,289.56,382.5,461.13,1
1617,315.45,309.73,362.74,1
1618,114.04,421.0,491.86,1
1619,114.11,152.63,64.93,0
1620,104.13,76.25,423.2,0
1621,264.4,53.79,246.56,0
1622,390.28,83.64,82.24,0
1623,166.8,234.47,71.61,0
1624,465.85,443.99,334.06,1
1625,65.91,178.47,269.5,0
1626,423.48,407.3,182.31,1
1627,98.55,138.51,128.42,0
1628,224.39,57.42,184.06,0
1629,276.25,393.2,342.82,1
1630,281.04,36.99,81.29,0
1631,383.51,289.7,273.71,1
1632,354.86,83.51,110.87,0
1633,496.02,463.32,296.64,1
1634,291.12,320.74,145.57,0
1635,440.84,332.45,369.13,1
1636,252.21,423.19,204.95,1
1637,153.99,311.33,305.36,0
1638,208.26,462.77,79.22,0
1639,112.42,225.51,46.77,0
1640,385.25,141.29,162.92,0
1641,131.44,253.89,479.65,1
1642,183.66,344.81,443.19,1
1643,342.74,286.83,292.07,1
1644,73.64,273.97,461.02,1
1645,354.79,122.53,279.05,0
1646,147.7,493.53,479.3,1
1647,37.56,29.08,246.16,0
1648,161.87,177.9,238.56,0
1649,478.62,200.85,329.47,1
1650,159.43,316.77,250.81,0
1651,345.82,432.56,194.39,1
1652,453.59,349.87,144.2,1
1653,278.56,202.78,327.3,1
1654,55.66,452.15,57.05,0
1655,480.11,322.18,480.13,1
1656,56.71,78.08,361.27,0
1657,132.45,11.82,126.02,0
1658,489.21,468.54,109.85,1
1659,24.41,136.94,112.26,0
1660,12.19,88.57,460.67,0
1661,382.18,300.65,356.57,1
1662,201.82,340.87,424.82,1
1663,339.64,244.75,181.67,0
1664,75.51,391.49,170.09,0
1665,399.32,133.4,76.62,0
1666,96.25,342.46,107.29,0
1667,152.7,283.38,51.31,0
1668,352.15,110.21,80.91,0
1669,86.87,327.81,326.42,0
1670,394.91,202.17,312.9,1
1671,454.27,85.33,264.86,1
1672,487.76,38.75,217.63,0
1673,154.02,338.43,191.23,0
1674,283.13,410.56,305.88,1
1675,255.37,289.07,88.24,0
1676,496.55,114.33,205.44,1
1677,374.88,174.63,153.75,0
1678,133.51,85.69,400.72,0
1679,344.81,491.87,220.47,1
1680,133.92,25.02,254.29,0
1681,186.5,44.89,105.06,0
1682,160.16,216.88,405.88,0
1683,241.52,412.01,135.22,0
1684,337.55,199.65,177.96,0
1685,155.2,425.27,103.32,0
1686,141.74,258.61,118.42,0
1687,489.12,170.03,100.4,0
1688,174.11,247.77,354.53,0
1689,465.61,222.02,402.67,1
1690,474.61,138.49,283.97,1
1691,355.62,144.92,56.19,0
1692,219.18,472.53,400.97,1
1693,192.49,218.51,100.28,0
1694,81.26,309.16,157.49,0
1695,467.21,323.11,217.73,1
1696,143.85,309.79,15.82,0
1697,417.48,134.46,359.34,1
1698,332.97,492.54,14.24,1
1699,160.94,86.96,114.23,0
1700,228.79,262.22,321.38,1
1701,422.84,323.47,388.05,1
1702,441.98,493.85,207.63,1
1703,154.81,291.52,274.05,0
1704,41.75,272.15,283.49,0
1705,438.53,166.13,482.87,1
1706,339.44,155.33,220.13,0
1707,276.54,315.22,36.83,0
1708,71.83,415.68,108.69,0
1709,442.29,75.62,332.3,1
1710,133.37,164.12,245.59,0
1711,150.31,273.19,221.51,0
1712,68.27,497.16,119.67,0
1713,83.83,330.87,319.45,0
1714,401.51,66.12,452.16,1
1715,438.04,278.62,160.6,1
1716,222.1,494.07,467.46,1
1717,411.07,369.13,252.56,1
1718,375.15,126.76,474.11,1
1719,362.91,251.09,297.91,1
1720,461.41,382.25,414.6,1
1721,478.06,38.29,92.66,0
1722,193.47,328.67,53.88,0
1723,406.7,219.17,370.15,1
1724,420.86,318.44,103.22,1
1725,414.77,173.81,477.06,1
1726,43.74,333.46,499.94,1
1727,23.34,431.49,127.8,0
1728,337.34,83.33,90.31,0
1729,12.42,320.07,357.11,0
1730,322.38,275.4,291.28,1
1731,245.24,223.87,363.25,1
1732,426.69,18.85,340.97,0
1733,84.7,68.09,247.78,0
1734,92.96,108.1,444.74,0
1735,398.61,104.34,176.34,0
1736,181.56,185.51,30.05,0
1737,126.57,44.74,126.96,0
1738,215.36,303.56,226.9,0
1739,107.25,403.01,48.68,0
1740,171.19,312.48,229.0,0
1741,442.83,411.91,199.04,1
1742,360.64,379.16,314.59,1
1743,66.98,300.68,200.67,0
1744,65.4,209.76,32.27,0
1745,98.22,311.31,242.56,0
1746,99.29,191.88,258.45,0
1747,277.73,47.22,290.83,0
1748,266.13,487.67,116.05,1
1749,51.44,140.42,439.92,0
1750,194.01,348.44,270.97,1
1751,231.93,175.58,132.35,0
1752,121.68,231.29,175.77,0
1753,310.19,379.53,324.41,1
1754,208.19,119.52,443.72,0
1755,266.53,99.98,484.7,1
1756,261.73,274.56,262.34,0
1757,476.4,33.98,449.21,1
1758,359.81,51.38,359.57,0
1759,444.01,357.48,119.57,1
1760,352.44,227.03,237.97,1
1761,445.19,384.09,261.57,1
1762,45.65,414.87,413.84,1
1763,350.85,490.62,423.51,1
1764,496.92,208.84,397.54,1
1765,51.01,234.87,185.91,0
1766,267.3,269.93,314.13,1
1767,49.32,410.93,370.58,1
1768,480.38,222.02,191.68,1
1769,299.15,131.05,498.56,1
1770,401.37,306.18,58.68,0
1771,323.95,305.89,346.7,1
1772,181.78,177.26,81.36,0
1773,464.51,378.29,494.54,1
1774,86.2,223.89,93.02,0
1775,460.57,299.66,101.98,1
1776,83.35,220.46,187.08,0
1777,19.85,119.12,83.38,0
1778,492.79,199.78,424.55,1
1779,341.67,387.42,216.77,1
1780,434.73,110.49,132.01,0
1781,39.02,231.22,264.34,0
1782,378.54,270.46,32.97,0
1783,203.77,212.45,183.41,0
1784,277.15,130.64,397.56,1
1785,270.99,164.88,44.35,0
1786,224.3,306.28,426.08,1
1787,453.27,447.44,244.45,1
1788,364.99,46.69,12.6,0
1789,380.8,188.17,351.18,1
1790,50.54,347.92,400.98,0
1791,393.47,54.29,159.07,0
1792,409.55,387.3,286.87,1
1793,334.89,166.33,426.09,1
1794,111.49,412.13,314.73,1
1795,358.96,170.42,251.05,0
1796,410.83,299.84,280.62,1
1797,377.55,57.56,377.16,1
1798,328.38,78.33,435.41,1
1799,474.22,319.8,373.17,1
1800,469.53,291.81,271.26,1
1801,359.42,378.43,198.43,1
1802,25.85,319.36,339.68,0
1803,456.52,337.74,177.54,1
1804,39.44,250.75,192.02,0
1805,141.04,238.82,334.64,0
1806,24.46,122.51,492.85,0
1807,428.05,356.07,219.37,1
1808,165.05,55.8,376.43,0
1809,134.82,16.77,353.5,0
1810,118.49,25.01,342.78,0
1811,346.06,135.27,189.78,0
1812,150.73,171.59,45.97,0
1813,392.28,124.98,201.74,0
1814,429.04,270.17,132.7,1
1815,330.76,178.81,50.04,0
1816,145.59,22.69,396.14,0
1817,307.04,490.55,438.01,1
1818,373.22,192.33,165.24,0
1819,435.0,198.43,55.65,0
1820,281.47,472.45,184.33,1
1821,446.39,364.7,55.41,1
1822,395.33,418.81,117.21,1
1823,119.96,116.74,381.44,0
1824,333.37,366.05,478.76,1
1825,81.41,155.31,20.81,0
1826,477.51,399.66,261.73,1
1827,95.18,226.2,49.05,0
1828,457.02,435.91,247.93,1
1829,423.66,349.36,409.88,1
1830,63.88,269.86,391.27,0
1831,32.48,373.43,106.77,0
1832,479.78,52.68,497.96,1
1833,11.69,478.92,273.02,0
1834,200.53,376.39,371.3,1
1835,135.31,443.36,455.82,1
1836,297.81,171.58,179.19,0
1837,323.57,469.84,147.65,1
1838,268.47,447.82,364.26,1
1839,257.54,22.28,110.5,0
1840,171.3,340.19,414.33,1
1841,292.66,335.58,184.6,1
1842,346.46,269.64,480.76,1
1843,81.04,70.17,406.66,0
1844,219.17,217.85,192.89,0
1845,32.25,31.67,167.02,0
1846,422.34,258.82,424.16,1
1847,464.98,312.82,78.27,1
1848,390.74,422.37,183.3,1
1849,353.96,449.0,35.38,1
1850,21.69,146.04,388.04,0
1851,471.84,113.74,98.0,0
1852,372.88,454.96,438.95,1
1853,233.99,313.85,345.42,1
1854,311.29,311.33,29.56,0
1855,475.9,157.79,353.45,1
1856,467.05,456.11,464.69,1
1857,468.59,298.19,305.63,1
1858,133.74,387.37,20.51,0
1859,208.13,327.84,131.48,0
1860,216.19,446.2,270.45,1
1861,117.03,88.59,351.24,0
1862,420.51,492.97,482.39,1
1863,150.79,370.14,63.83,0
1864,499.95,344.78,103.75,1
1865,336.44,304.42,322.35,1
1866,170.61,269.09,446.57,1
1867,40.7,241.35,164.42,0
1868,200.63,88.73,102.42,0
1869,136.89,416.08,78.85,0
1870,47.59,144.26,460.22,0
1871,38.61,467.21,212.79,0
1872,331.94,198.14,366.49,1
1873,200.17,216.34,355.18,0
1874,173.39,226.0,209.0,0
1875,39.55,126.2,346.72,0
1876,27.09,217.99,175.55,0
1877,184.01,304.19,338.31,1
1878,113.02,25.56,406.92,0
1879,413.96,200.17,378.56,1
1880,132.8,133.91,235.21,0
1881,51.17,258.15,479.84,0
1882,354.66,369.93,329.33,1
1883,204.98,183.36,338.31,0
1884,13.74,341.73,270.9,0
1885,292.65,358.47,477.07,1
1886,269.62,280.27,410.25,1
1887,422.9,312.91,382.48,1
1888,396.9,198.25,471.12,1
1889,415.19,268.9,24.72,0
1890,351.9,309.42,384.31,1
1891,247.56,53.82,474.92,0
1892,359.14,241.37,375.1,1
1893,423.35,139.3,109.7,0
1894,487.89,492.96,58.25,1
1895,135.54,129.76,214.2,0
1896,29.62,373.82,386.09,0
1897,271.67,338.09,83.6,0
1898,309.57,390.99,166.74,1
1899,323.38,25.4,113.05,0
1900,290.34,365.98,235.29,1
1901,476.77,42.68,331.18,1
1902,295.58,393.06,47.03,0
1903,364.83,174.42,124.22,0
1904,313.18,51.96,60.64,0
1905,227.08,451.97,189.46,1
1906,36.85,191.46,51.6,0
1907,231.88,450.41,305.89,1
1908,361.28,437.52,358.48,1
1909,256.89,145.56,212.18,0
1910,314.89,227.59,133.7,0
1911,333.66,160.76,310.89,1
1912,159.99,29.11,106.54,0
1913,302.7,372.67,219.23,1
1914,179.95,269.69,303.27,0
1915,87.87,425.12,238.05,0
1916,128.47,153.43,385.28,0
1917,499.06,114.75,184.23,0
1918,268.3,275.01,53.57,0
1919,391.22,225.54,212.35,1
1920,178.18,248.32,147.8,0
1921,321.3,250.29,427.05,1
1922,121.18,143.87,59.0,0
1923,84.19,180.76,359.18,0
1924,375.38,116.12,174.84,0
1925,45.93,413.01,322.6,0
1926,180.42,359.02,299.67,1
1927,304.0,149.7,129.37,0
1928,288.9,95.14,399.97,0
1929,329.11,210.94,41.05,0
1930,48.94,29.73,223.56,0
1931,42.16,45.81,497.26,0
1932,420.47,76.98,407.1,1
1933,413.65,59.22,95.12,0
1934,153.42,175.51,236.69,0
1935,498.97,308.39,382.78,1
1936,403.84,491.37,46.08,1
1937,399.34,129.59,174.73,0
1938,412.06,360.16,70.83,1
1939,464.14,285.7,254.7,1
1940,62.11,303.81,165.98,0
1941,94.01,466.29,395.07,1
1942,217.98,472.75,25.65,0
1943,114.61,276.54,389.69,0
1944,205.74,96.52,439.92,0
1945,406.45,180.49,352.12,1
1946,95.41,393.26,407.0,1
1947,299.28,137.77,141.23,0
1948,163.47,398.99,69.29,0
1949,107.17,389.0,398.77,1
1950,28.96,206.08,19.29,0
1951,350.94,197.2,53.61,0
1952,356.29,476.62,102.42,1
1953,383.24,367.67,137.08,1
1954,13.93,465.85,478.96,1
1955,227.89,158.18,413.96,0
1956,181.75,121.07,386.83,0
1957,402.05,277.64,93.29,0
1958,482.07,97.61,277.99,1
1959,120.97,373.78,230.79,0
1960,88.1,140.95,499.89,0
1961,354.76,407.19,456.56,1
1962,391.93,145.58,326.02,1
1963,64.34,444.27,303.79,1
1964,201.98,74.73,179.81,0
1965,31.6,15.31,387.27,0
1966,24.5,218.1,17.06,0
1967,393.23,285.71,241.11,1
1968,280.6,135.44,121.92,0
1969,179.03,61.6,335.29,0
1970,221.83,220.48,264.95,0
1971,184.73,185.78,240.18,0
1972,129.29,108.93,39.95,0
1973,188.97,221.29,166.56,0
1974,200.04,246.03,221.06,0
1975,212.88,224.28,370.43,1
1976,217.65,474.3,485.86,1
1977,133.98,461.45,451.48,1
1978,220.02,15.16,119.64,0
1979,90.6,454.86,188.42,0
1980,323.83,189.33,353.93,1
1981,61.74,48.27,77.03,0
1982,418.86,331.01,118.61,1
1983,391.03,304.52,96.66,0
1984,154.54,150.41,448.86,0
1985,271.83,227.69,259.62,0
1986,196.61,265.71,474.56,1
1987,481.93,157.22,62.52,0
1988,117.3,350.35,122.0,0
1989,110.4,372.01,24.14,0
1990,121.69,366.61,393.24,1
1991,355.98,268.76,372.45,1
1992,497.0,301.78,258.44,1
1993,225.6,453.04,359.57,1
1994,92.8,122.28,143.95,0
1995,475.96,208.22,485.86,1
1996,288.56,158.28,24.1,0
1997,408.79,347.59,82.89,1
1998,427.39,142.68,335.49,1
1999,265.24,118.56,461.89,1
2000,402.07,254.11,418.07,1
